filename,track_title,duration,bpm,artist,album,genre,subgenre,timeofday
130068212.mp3,Cheap Tattoos (vocal),03:21,126.0,Hunter Lowe,anf,EDM,,
104644788.mp3,Summer Journey,02:43,100.0,Paul Werner,Envision,nan,"Dance Pop, House",
29244910.mp3,Missing You (feat. Abye),03:18,90.0,Fomo,FOMO - Missing You (feat. Aybe),Pop,Contemporary R&B,
51626416.mp3,Anymore (Remix) (vocal),03:17,127.96,Adrian Jauregui,Adrian Jauregui,Pop,Dance Pop,
49785394.mp3,All You Gotta Do (vocal),02:01,122.0,Erloom,All You Gotta Do - Single,Pop,"Dance Pop, Teen Pop",
42652006.mp3,Elevator (vocal),03:11,113.0,Erloom,Erloom,"Pop, Rock","Contemporary R&B, Dance Pop, Teen Pop, Teen Rock",
41536624.mp3,On Lock (vocal),02:46,117.0,Erloom,Erloom,Pop,"Contemporary Hip Hop/Pop, Dance Pop, Teen Pop",
42651880.mp3,Brighter (vocal),02:58,123.6,Erloom,Erloom,Pop,"Contemporary R&B, Dance Pop",
42770914.mp3,Never Die (vocal),02:45,144.0,Erloom,Erloom,Pop,"Contemporary Hip Hop/Pop, Pop Rock, Teen Pop",
42652024.mp3,Left Right Left (vocal),03:15,162.0,Erloom,Erloom,"Pop, Rock","Dance Pop, Teen Pop, Teen Rock",
104560292.mp3,First Time (vocal),03:27,115.0,Eric Gordon,First Time - Single,Pop,"Dance Pop, Pop, Teen Pop",
104479708.mp3,Moment In Time,02:55,125.0,Max Holm,Holm In Time,Pop,Pop,
51667984.mp3,I Cant Make It Better (vocal),03:16,92.0,Aleks Grey,I Can't Make It Better,Pop,Dance Pop,
37471900.mp3,No Friends (Feat. Rosendale),03:55,145.0,Cadmium,No Friends,"Pop, Rock","Pop Rock, Teen Rock",
111766196.mp3,Stay (vocal),02:34,115.0,Erloom,RED019_Feels (heartfelt pop),Pop,Pop,
111766236.mp3,Forever (vocal),02:04,106.0,Erloom,RED019_Feels (heartfelt pop),Pop,Pop,
111803220.mp3,Need Your Love (vocal),02:12,130.0,Erloom,RED019_Feels (heartfelt pop),Pop,Pop,
130009180.mp3,Run It (vocal),02:24,120.0,The Red Collective,anf,Electronic; House; Dance Pop,,
130009508.mp3,Dance The Night Away (vocal),02:37,140.0,The Red Collective,anf,Electronic; House; Dance Pop,,
130049076.mp3,I'm Not A Kid (vocal),02:40,126.0,JQ,anf,Epic Songs,,
45654580.mp3,Stranger (feat. James Grierson),03:07,99.97,F3LIX,Stranger (feat. James Grierson) - Single,Pop,"Dance Pop, Teen Pop",
29759314.mp3,"Come On, Come On",01:30,110.0,Noah Silver,"Surf, Sand You and Me","Pop, Rock","Indie Rock, New Wave/80's Rock, Teen Pop",
50274172.mp3,Good Good Love (vocal),03:17,118.0,B. Couture x Erloom,The Red Collective (female power pop),Pop,Dance Pop,
29203216.mp3,Higher Living,03:50,122.0,Leo Islo,Higher Living (single),nan,"Alternative, Contemporary R&B, New Wave/80's Rock",
29369542.mp3,Gravity (feat. NVES) (Nuuk Remix),04:32,118.0,Aeon,Gravity: The Remixes,nan,House,
29376088.mp3,Spend Time,04:27,105.0,Shuhandz,Spend Time,nan,House,
31356976.mp3,Deja,04:30,117.0,Leo Islo,Deja,nan,House,
29196262.mp3,Zero,03:40,123.0,Leo Islo,Modern Fiction EP,nan,"Contemporary R&B, House, New Wave/80's Rock",
42132844.mp3,Phoenix (vocal),03:07,115.0,The Dual Personality & MURANA,,nan,"Dance Pop, Progressive, Teen Pop",
105546028.mp3,Afterglow (vocal),03:29,122.0,Leo Islo,Afterglow - Single,nan,"Dance Pop, House",
29197972.mp3,Oh Dystopia,04:11,120.0,Leo Islo,Oh Dystopia (single),nan,"Chillout, Contemporary R&B",
29201458.mp3,Bones,03:43,115.0,Leo Islo,Modern Fiction EP,nan,"Chillout, New Wave/80's Rock",
111803292.mp3,All I Want Is You (vocal),02:25,126.0,Erloom,RED019_Feels (heartfelt pop),Pop,Pop,
130009308.mp3,Euphoria (vocal),02:37,117.0,Jordan Olmos,anf,Epic Pop,,
130024804.mp3,Like Me (vocal),01:59,109.0,The Red Collective,anf,Contemporary R&B/Pop,,
52989670.mp3,Living It Up (vocal),02:03,109.0,PAHLR,The Red Collective (funky retro beats),nan,Dance Pop,
105237660.mp3,Easier as Friends (vocal),01:55,108.94,Lucian,Lucian,nan,"Pop, Teen Pop",
105237676.mp3,Fallin 4 U (vocal),02:02,94.5,Lucian,Lucian,nan,"Dance Pop, Pop",
105954796.mp3,LVL 100 (vocal),02:00,116.0,PAHLR,Fresh Classix,nan,Pop,
109716500.mp3,The Rush (vocal),02:01,130.0,Jordan Olmos feat Glenna Gasperian,Thunder (percussive pop),nan,Pop,
29353306.mp3,Miss Me feat. Emy Smith (VETA Remix),04:30,87.0,The Dual Personality,Miss Me (feat. Emy Smith),nan,Progressive,
40382446.mp3,Circles (feat. NYA),04:23,155.0,She Was Silver,,nan,"Alternative, Progressive",
41221354.mp3,One More  (vocal),03:53,97.0,Somaya,Stand Up,nan,"Alternative, Pop Rock, Teen Pop",
29375548.mp3,Gravity (feat. NVES) (Deris Dek & GNoiz Remix),02:55,140.0,Aeon,Gravity: The Remixes,nan,"Contemporary R&B, Progressive",
110556292.mp3,Old Pray (feat. Gemmi) (Nyman Remix) (vocal),02:54,138.0,"Konn, Sazu, Taye",Old Pray (Remixes),nan,"Pop, Progressive",
110556988.mp3,Here Alone (feat. Meggie York) (Fairist Remix) (vocal),03:22,140.0,Red Comet,Here Alone (The Remixes - Pt. 1),nan,"Pop, Progressive",
29197312.mp3,Body Speak,03:31,99.0,Leo Islo,Modern Fiction EP,nan,"Chillout, Contemporary R&B, New Wave/80's Rock",
29697970.mp3,Everlasting,03:52,90.0,Beckah Shae,Rest,nan,"Gospel, Trip Hop",
42132898.mp3,Lucky,02:48,110.0,Illustrated,,"Electronic, Pop","Progressive, Teen Pop",
29199718.mp3,Everybody Else But You,02:53,100.0,Becca Krueger,Go Alone,Pop,"Dance Pop, Teen Pop",
29262256.mp3,Alone With You feat. Shannon Soderlund,03:37,100.0,Syrenne,29262256,"Electronic, Pop","Electro Pop,Soft Pop",
29639416.mp3,Supernatural High,04:19,105.05,Dangerflow,29639416,Pop,Electro Pop,
41536186.mp3,Like Royalty,02:18,95.0,John Coggins,John Coggins,Pop,"Contemporary R&B, Dance Pop",
41550166.mp3,Blue Jay,03:59,89.99,Field Club,Field Club,"Rock, Singer Songwriter","Alternative, Alternative Rock",
50666164.mp3,Nobody Said That It Was Easy Remix (vocal),03:04,79.5,Eric Gordon,Nobody Said That It Was Easy,Pop,"Contemporary R&B, Dance Pop",
51332998.mp3,MVP (vocal),03:42,82.0,She Is Floyd,She Is Floyd,Pop,Contemporary R&B,
46354534.mp3,711 (vocal),03:27,81.0,REYNA,711,Pop,Teen Pop,
51626446.mp3,Eli's Song,04:09,75.0,Adrian Jauregui,anf,"Rock, Singer Songwriter",,
51626410.mp3,Crossfire,03:32,95.0,Adrian Jauregui,anf,Pop,,
111710508.mp3,Come To Life (vocal),02:40,139.91,Brad Couture,Airglow EP | (cinematic inspired),Pop,Pop,
37197490.mp3,Crew,03:50,84.0,Alex2e,Alex2e,Singer Songwriter,Adult Contemporary,
29130088.mp3,All We Have,03:29,77.0,Caleb Lovely,All We Have - Single,Singer Songwriter,Adult Contemporary,
130025268.mp3,Maranatha (vocal),03:19,95.0,Beckah Shae,anf,Alternative Pop,,
130032628.mp3,Star,03:47,95.0,Electric Tongues,anf,Indie Pop,,
109627980.mp3,Aleks Grey,03:03,128.0,anf,anf,Pop,,
45169690.mp3,Crazy To Love You (vocal),03:02,87.0,Erloom,Crazy To Love You - Single,Pop,Pop Rock,
130027212.mp3,Desire (vocal),03:39,118.0,Blake Phillips,anf,Dance Pop; House Music,,
111426212.mp3,Dreamer (vocal),03:10,82.0,JQ,Daydreams E.P.,Pop,"Alternative Rock, Pop Rock",
29377102.mp3,Breathe It Out,04:14,140.0,From Indian Lakes,Dimly Lit,Rock,Indie Rock,
111948508.mp3,Taboo (vocal),03:31,90.0,Anushka Jag,Dirty Work (upbeat modern indian pop),"Pop, Rock","New Wave/80's Rock, Pop",
53268484.mp3,REYNA,02:40,107.0,anf,anf,Singer Songwriter,,
29622862.mp3,Connect Me,04:22,130.0,Christopher Norman,EP Collection,"Rock, Singer Songwriter","Alternative, New Wave/80's Rock",
130002116.mp3,Lose Your Minds (vocal),01:59,95.0,Heather Evans,anf,Epic Songs,,
130026404.mp3,Nobody But Me (vocal),02:37,101.0,Heather Evans,anf,Epic Songs,,
39043324.mp3,Call Of The Wild (vocal),02:37,135.0,Erloom,Erloom,"Pop, Rock","Pop Rock, Teen Rock",
42417598.mp3,Forever Young and Beautiful (vocal),02:30,91.0,Erloom,Erloom,Pop,"Dance Pop, Teen Pop",
51795028.mp3,Celebrate (vocal),02:35,95.0,Erloom,Erloom,Pop,Pop Rock,
42651916.mp3,Say You Will (vocal),02:51,128.0,Erloom,Erloom,"Pop, Rock","Pop Rock, Teen Pop, Teen Rock",
39338374.mp3,Satellites feat. Dayna Madison (vocal),04:31,92.96,Erloom,Erloom,"Pop, Singer Songwriter","Adult Contemporary, Pop Rock",
39048100.mp3,Team Human (vocal),03:17,90.0,Erloom Feat. Exxy,Erloom,Pop,"Dance Pop, Teen Pop",
39043852.mp3,Diamonds feat. Exxy (vocal),02:45,109.0,Erloom,Erloom,Pop,"Dance Pop, Pop Rock",
42750898.mp3,Your Colors (vocal),02:31,112.0,Erloom ft Shanice Antonia,Erloom,Pop,"Pop Rock, Teen Pop",
45169822.mp3,Different (vocal),02:24,105.0,Erloom feat. Jake Crocker,Erloom feat. Jake Crocker,Pop,Dance Pop,
45290548.mp3,Falling Up (vocal),02:53,100.0,Erloom,Falling Up - Single,Pop,"Contemporary Hip Hop/Pop, Contemporary R&B",
45654526.mp3,Feel Better,03:00,88.0,Adastra & Daym,Feel Better - Single,Pop,"Contemporary R&B, Teen Pop",
54627628.mp3,Make Up Your Mind (vocal),03:25,100.0,Idun Nicoline,Feelings Not Enemies | progressive pop,Pop,"Dance Pop, Pop",
54628244.mp3,Strange Love (vocal),03:01,100.03,DeVar & Tara Louise,Feelings Not Enemies | progressive pop,Pop,"Dance Pop, Pop",
54627564.mp3,Lost Without You (vocal),03:34,104.0,Idun Nicoline,Feelings Not Enemies | progressive pop,nan,,
54627708.mp3,No One (vocal),03:13,120.0,Idun Nicoline,Feelings Not Enemies | progressive pop,"Electronic, Pop","House, Pop",
43988578.mp3,Fly Remixael 2 (vocal),02:45,112.0,Jonathan Floyd,Fly,Pop,Contemporary R&B,
47871748.mp3,Home,03:20,128.0,32Stitches,Fly Away,Pop,"Pop Rock, Teen Rock",
105954892.mp3,Good Day (vocal),02:04,120.04,JQ,Fresh Classix,Pop,Pop,
105954876.mp3,Groovyland (vocal),02:38,110.0,JQ,Fresh Classix,Pop,Pop,
105955084.mp3,Keep It Moving (vocal),02:14,100.0,Indigoe & JQ,Fresh Classix,Pop,Pop,
105955156.mp3,Ready For A Good Time (vocal),02:10,115.0,Indigoe and NINI,Fresh Classix,Pop,Pop,
105955220.mp3,Watch Out (vocal),02:15,100.0,Jordan Olmos & Glenna Bree,Fresh Classix,Pop,Pop,
29180626.mp3,Future,03:58,126.0,Torches,Future - single,Rock,"Indie Rock, New Wave/80's Rock",
45654826.mp3,Here To Stay (feat. Shirina),03:34,170.0,RVPTR & Kenaj,Here To Stay (feat. Shirina) - Single,Electronic,"Pop Rock, Teen Pop, Teen Rock",
29158978.mp3,Chase The Sun,03:41,115.0,The Clouds Below,Indian Summer,Rock,"Alternative Rock, Teen Rock",
29257882.mp3,Call In The Air,04:25,125.0,Indigoe,Indigoe,Rock,"Indie Rock, New Wave/80's Rock",
130003836.mp3,Remedy (Remix Delta City) (vocal),03:51,140.0,Tigercide,anf,Industrial,,
29380744.mp3,Who You Should Be,03:34,130.02,Jake Crocker,Jake Crocker,"Pop, Rock","New Wave/80's Rock, Pop Rock",
97561908.mp3,January (vocal),03:31,80.0,Color Palette,January - Single,"Rock, Singer Songwriter","Alternative, Indie Rock",
54840156.mp3,Love This Feeling,02:54,100.0,Just Fiction,Just Fiction EP,"Pop, Rock","Dance Pop, New Wave/80's Rock",
54840116.mp3,Rise to the Top,02:50,110.0,Just Fiction,Just Fiction EP,"Pop, R&B","Contemporary R&B, Soul",
54840076.mp3,Next Generation,02:44,95.0,Just Fiction,Just Fiction EP,Pop,"Dance Pop, Pop Rock",
29005996.mp3,Vic & Gab,04:04,119.0,anf,anf,Rock,,
29302024.mp3,Shadows.mp3,03:49,75.0,Wolfkids,Music Is A Weapon,"Downtempo, Singer Songwriter",Electro Pop,
29763436.mp3,Took A Shine,03:21,86.0,Abigail Stauffer,No Contradictions,Pop,Contemporary R&B,
50666128.mp3,Nobody Said That It Was Easy (vocal),03:56,80.0,Eric Gordon,Nobody Said That It Was Easy,Pop,Contemporary R&B,
50666140.mp3,Mission Critical (vocal),03:49,140.0,Eric Gordon,Nobody Said That It Was Easy,Pop,"Contemporary R&B, Teen Pop",
50666146.mp3,Shine (vocal),03:03,75.0,Eric Gordon,Nobody Said That It Was Easy,Pop,Dance Pop,
130031748.mp3,Nintendo 69 (vocal) CLEAN,03:31,120.0,Deonta Genius,anf,Pop,,
130026916.mp3,Friendzoned (vocal),02:32,158.0,Lazer Owl,anf,Pop,,
130027412.mp3,Lost in the Arcade (vocal),02:36,128.0,Sleeping Ghost,anf,Pop,,
55018172.mp3,Destination Me (vocal),03:45,100.0,Possum Trot Poet,Possom Trot Poet,Pop,"Pop, Teen Pop",
52550068.mp3,Quarantine Baby (vocal),03:49,86.0,REYNA,Quarantine Baby - Single,Pop,"Contemporary R&B, Teen Pop",
130027228.mp3,Touch (vocal),02:28,106.0,Blake Phillips,anf,Contemporary R&B/Pop,,
130032612.mp3,Time Machine (vocal) CLEAN,03:51,108.0,Electric Tongues,anf,Pop; Electropop,,
130024940.mp3,I Dont Wanna Be Lonely (vocal),03:40,120.0,Amber Wilson,anf,R&B Soul,,
130004644.mp3,Falling In (vocal),02:25,115.0,dc pinc,anf,R&B/Soul,,
45654586.mp3,Rain Inside (feat. Nomeli),03:43,135.0,NIKAI,Rain Inside (feat. Nomeli) - Single,Pop,"Pop Rock, Teen Pop, Teen Rock",
130004820.mp3,It Gets Better (vocal),02:08,92.08,The Red Collective,anf,Hip Hop; Pop,,
130006092.mp3,Save Your Words (vocal),02:46,120.0,JQ,anf,Pop,,
54641716.mp3,Home (vocal),03:04,96.0,Erloom,RED011_Feelin Good (hip hop pop),"Hip Hop, Pop","Contemporary Hip Hop/Pop, Pop Rock",
54641940.mp3,Colors (vocal),02:18,100.0,Jordan Olmos,RED011_Feelin Good (hip hop pop),"Hip Hop, Pop",Contemporary Hip Hop/Pop,
54641652.mp3,Shine (vocal),02:43,140.0,Indigoe,RED011_Feelin Good (hip hop pop),"Hip Hop, Pop",Contemporary Hip Hop/Pop,
122022836.mp3,Daydreaming (vocal),02:36,152.0,Indigoe,anf,Pop; 80s,,
122022980.mp3,Tunnel (vocal),03:16,133.0,Erloom,anf,Pop; Dance Pop; Dream Pop,,
120439940.mp3,Champagne Waterfalls (vocal),02:38,143.0,erloom x H.B. THAL,anf,Dream Pop; Pop,,
116143444.mp3,Hypnotized (vocal),02:54,112.0,JQ,anf,Dance Pop; Pop,,
130008020.mp3,Down the Line (vocal),02:40,105.0,JQ,anf,Disco; Pop; Dance Pop,,
122022868.mp3,I Keep Falling (vocal),02:31,110.0,JQ,anf,Dance Pop; Disco; Pop,,
130008364.mp3,With the Angels (vocal),02:43,120.63,JQ,anf,Pop; Singer Songwriter; Adult Contemporary,,
130009028.mp3,BUFY (vocal),02:58,90.0,Demitri Lerios,anf,Pop Rock,,
130009388.mp3,Have It All (vocal),02:28,123.0,Jordan Olmos,anf,Pop,,
130009268.mp3,Say What You Wanna (vocal),02:17,108.0,The Red Collective,anf,Epic Pop,,
105237476.mp3,Crush (vocal),03:07,105.0,Lucian,Lucian,Pop,"Pop, Teen Pop",
130009916.mp3,Watch Me Move (vocal),02:36,118.0,JQ,anf,Pop,,
130009644.mp3,Living My Life (vocal),01:51,124.0,The Red Collective,anf,Pop,,
130006124.mp3,Always On Fire (vocal),02:53,100.0,Demitri Lerios,anf,Pop,,
130024116.mp3,Have It How You Want It (vocal),02:02,140.0,The Red Collective,anf,Epic Pop,,
130022660.mp3,Get The Gold (vocal),02:29,90.0,JQ,anf,Pop,,
130024836.mp3,Steal My Thunder (vocal),02:41,113.0,The Red Collective,anf,Epic Songs,,
130026748.mp3,Right Round (vocal),02:39,120.0,The Red Collective,anf,Epic Pop,,
130033412.mp3,Don't Let Go (vocal),03:00,85.0,The Red Collective,anf,Pop,,
130047660.mp3,Feel Like Me (vocal),02:38,115.0,Jordan Olmos,anf,Pop,,
130047716.mp3,I Feel Alive (vocal),02:26,85.01,JQ,anf,Epic Pop,,
130045588.mp3,Infinite (vocal),02:22,118.0,H.B. Thal,anf,Epic Pop,,
31632586.mp3,My Moment (vocal),02:48,147.0,Exxy,Revel Revival_Advance Release,nan,,
29307526.mp3,Matinee,03:41,111.0,REYNA,REYNA Vol. 1,Rock,Indie Rock,
29307448.mp3,Ink On My Skin,03:15,87.0,REYNA,REYNA Vol. 1,Rock,"Indie Rock, New Wave/80's Rock",
109003812.mp3,Amazing,03:27,105.0,Dimiter Yordanov,Safe and Sound,"Pop, Singer Songwriter","Adult Contemporary, Pop",
29603668.mp3,Innovation Ft. Gran Rapids & Striking Back,03:40,104.0,State Of The Artist,SeattleCaliFragilisticExtraHellaDopeness,Pop,Contemporary Hip Hop/Pop,
105745020.mp3,Shooting Stars (vocal),03:26,115.0,Color Palette,Shooting Stars - Single,"Pop, Rock","Alternative Rock, Pop Rock",
29266660.mp3,Knights,03:10,90.0,Sibling,Sibling EP,"Downtempo, Singer Songwriter","Alternative, Trip Hop",
29244778.mp3,Swipe,02:54,127.99,Sibling,Sibling EP,Singer Songwriter,Alternative,
29244634.mp3,Rearview,03:32,100.0,Sibling,Sibling EP,"Rock, Singer Songwriter","Adult Contemporary, Indie Rock",
29248960.mp3,Westside (Texture),03:21,90.0,Sibling,Sibling EP,Rock,Alternative Rock,
29335426.mp3,Stay,03:38,90.0,Aleks Grey,Stay,Pop,Contemporary R&B,
111711092.mp3,Dangerous (vocal),02:17,90.0,JQ,SURGE EP,Pop,Pop,
50274358.mp3,Dreamers (vocal),02:54,100.03,Redah,The Red Collective (female power pop),Pop,"Pop Rock, Teen Rock",
50273236.mp3,It's Never Too Late (vocal),03:19,95.0,Redah,The Red Collective (female power pop),Pop,Dance Pop,
50273356.mp3,Crazy 2 Luv U (vocal),03:04,173.98,Erloom,The Red Collective (female power pop),Pop,Pop Rock,
50273482.mp3,Burn In The Dark (vocal),03:04,155.03,Erloom,The Red Collective (female power pop),Pop,"Pop Rock, Teen Rock",
50273998.mp3,Rainmaker (feat. Renn Olympus) (vocal),02:34,138.0,Erloom x Indigoe,The Red Collective (female power pop),Pop,"Dance Pop, Teen Pop",
50274220.mp3,Unstoppable (vocal),02:33,107.0,Indigoe,The Red Collective (female power pop),Pop,"Dance Pop, Teen Pop",
50275906.mp3,Lights Off (vocal),02:07,145.0,Indigoe,The Red Collective (funky retro beats),Pop,Pop Rock,
50276038.mp3,Rebel On The Loose (vocal),02:50,120.0,PAHLR,The Red Collective (funky retro beats),"Funk, Pop, R&B","Dance Pop, Disco, Funk",
29306764.mp3,Who We Are feat. Austin (Instrumental),03:38,110.0,mISHÃ˜,This Is Not An Album,Pop,"Dance Pop, Teen Pop",
29170972.mp3,Tongues,04:18,124.0,Torches,Tongues - single,Rock,Indie Rock,
51089902.mp3,So Down (vocal),02:15,115.0,Indigoe,Viral Gold,Pop,"Pop Rock, Teen Pop",
51090016.mp3,Strangers Family (vocal),02:40,112.0,Redah,Viral Gold,Pop,"Pop, Teen Pop",
51090142.mp3,Vibing On It (vocal),02:11,140.0,B. Couture,Viral Gold,Pop,Teen Pop,
51090064.mp3,My Way (vocal),02:31,90.0,Erloom,Viral Gold,Pop,"Contemporary Hip Hop/Pop, Contemporary R&B",
51089944.mp3,Never Wanna Leave (vocal),02:58,77.5,Jordan Olmos,Viral Gold,Pop,Contemporary Hip Hop/Pop,
28990348.mp3,Love Junkie Remix,02:49,120.01,Tanya Morgan,You & What Army w/ High Energy Bonus Jamz,Pop,Contemporary Hip Hop/Pop,
49825882.mp3,You Move Me (vocal),02:43,135.0,Erloom,You Move Me - Single,Pop,"Contemporary R&B, Dance Pop, Pop Rock",
29589184.mp3,Music In Me,05:05,110.0,Joseph Velasquez,Music In Me,nan,Contemporary R&B,
29193040.mp3,Rise to the Top,02:50,110.0,Jarkko Hietanen,Production Music,nan,Emotional Cues,
29684020.mp3,You Don't Know (Alin Dimitritu Remix),03:28,128.95,Christopher Norman & The Reverb Junkie,All The Pretty People EP,nan,Trip Hop,
29520652.mp3,Better Luck Next Time - Full,03:35,81.0,Brielle Brown,29520652,Pop,Soft Pop,
29624734.mp3,Independent Woman,04:11,100.02,JoRob,"JoRob ""R&B's Best Kept Secret""",Pop,Contemporary R&B,
54627860.mp3,Silent (vocal),03:18,120.0,Idun Nicoline,Feelings Not Enemies | progressive pop,Pop,"Pop, Teen Pop",
29231638.mp3,Painkiller,02:44,155.0,Salme Dahlstrom,Ms Moore,Pop,"Contemporary R&B, Teen Pop",
130027524.mp3,Involved (vocal),03:10,96.0,SO,anf,Contemporary R&B; R&B/Soul; Afrobeats,,
130032700.mp3,Goddess (vocal),04:30,103.0,Electric Tongues,anf,neo soul; Lounge,,
29007976.mp3,Better Than This,03:12,100.0,Dot Dot Dot,Revel Revival,Pop,Pop Rock,
109003796.mp3,What About Us,02:18,104.0,Dimiter Yordanov,Safe and Sound,Singer Songwriter,Adult Contemporary,
29377462.mp3,Distant Satellite,04:03,92.55,Jordan Carp,The Dark Architecture,"Folk, Singer Songwriter","Alternative, Contemporary Folk",
53744092.mp3,The Outside is Ours (vocal),01:49,155.0,PAHLR x Indigoe,Indigoe X PAHLR,"Pop, Singer Songwriter","Adult Contemporary, Pop Rock",
130047236.mp3,True Love (vocal),02:56,90.0,Adrian Crush,anf,Latin Pop,,
29774542.mp3,Footprint,02:56,90.0,Bryan LaMontagne,Want it All,Pop,Contemporary R&B,
54641964.mp3,Vibing (vocal),02:23,150.0,NINI,RED011_Feelin Good (hip hop pop),"Hip Hop, Pop",Contemporary Hip Hop/Pop,
29597458.mp3,Innovation - CLEAN,03:43,104.0,State Of The Artist,SeattleCaliFragilisticExtraHellaDopeness,Pop,Contemporary Hip Hop/Pop,
45654718.mp3,Echo,03:18,132.0,"TH3 DARP, Olympc, Hatim",Echo - Single,"Pop, Rock","Emo, Teen Pop, Teen Rock",
29357884.mp3,Andy Warhol (Clean),04:32,100.0,The Nobodies,"Chaos, In A Beautiful Place",Pop,Contemporary R&B,
37486144.mp3,Without You (vocal),02:48,130.0,John Kelly Wilson,The Nashville Sessions,Pop; Contemporary R&B; Soul,Contemporary Country/Pop,
130026812.mp3,Up In Flames (vocal),02:57,91.99,The Red Collective,anf,Epic Songs,,
130026548.mp3,State Of No Return (vocal),03:05,134.04,The Red Collective,anf,Pop,,
130042396.mp3,Stargazing (vocal),02:45,114.0,JQ,anf,Contemporary R&B; Pop,,
130033484.mp3,Same (vocal) (CLEAN Interlude),02:49,149.2,Yomazzy,anf,R&B Soul,,
105238492.mp3,Bittersweet (vocal),02:42,89.0,Lucian,Lucian,nan,"Contemporary R&B, Soul",
29146690.mp3,Search For More (JL Remix),02:56,85.5,From Indian Lakes,Absent Sounds Remixed Sounds,nan,Trip Hop,
130032324.mp3,Obsesiona (vocal),03:43,140.0,Daniela De Izcue,anf,Pop,,
130032388.mp3,Blank (vocal),03:26,105.0,Daniela De Izcue,anf,Pop,,
130004692.mp3,Solid Gold (vocal),03:00,95.0,dc pinc,anf,R&B/Soul,,
130004532.mp3,Flicker (vocal),02:53,90.0,Justin Garner,anf,Contemorary R&B,,
130004708.mp3,I Don't Know Why (vocal) CLEAN,02:38,115.0,olivia lattore,anf,R&B/Soul,,
130008268.mp3,Abandon Ship (vocal),03:00,105.99,hb thal,anf,Pop; Contemporary R&B; Soul,,
130008332.mp3,Rid of Me (vocal),02:40,90.0,JQ,anf,Contemporary R&B; Pop,,
130032684.mp3,Honest (vocal),03:34,145.02,Electric Tongues,anf,neo soul; Contemporary R&B,,
56758988.mp3,Secrets (vocal),03:31,108.0,Heather Evans,All Together,Electropop; Disco,"Alternative, Pop",
130032308.mp3,Se Acabo La Magia (vocal),03:10,104.0,Daniela De Izcue,anf,Pop,,
130032340.mp3,No Volvera (vocal),02:19,80.0,Daniela De Izcue,anf,Pop,,
130032356.mp3,IDK (vocal),02:19,103.0,Daniela De Izcue,anf,Pop,,
120460252.mp3,Numb (vocal),02:28,99.0,Keeana Kee & Dai Burger,anf,Latin Pop,,
29614342.mp3,Can't Let Go,03:31,134.0,Christopher Norman,EP Collection,Singer Songwriter,Alternative,
105237820.mp3,Fade (vocal),01:53,95.5,Lucian,Lucian,nan,"Dance Pop, Pop",
130032404.mp3,Alguien Como Tu (vocal),02:56,122.0,Daniela De Izcue,anf,Electropop,,
130032372.mp3,Como Antes (vocal),02:43,170.0,Daniela De Izcue,anf,Pop,,
130032276.mp3,Throw It Away (vocal),03:13,120.0,Daniela De Izcue,anf,Pop,,
130032260.mp3,Tu Baby Girl (vocal),02:49,100.0,Daniela De Izcue,anf,Pop,,
29038882.mp3,Gotta Love Me,04:18,90.0,Kellee Maize,The 5th Element,Pop,Contemporary Hip Hop/Pop,
130026844.mp3,Maybe I'm a Little Toxic (vocal),03:09,82.5,Justin Garner,anf,R&B; Soul; Pop; Contemporary R&B,,
130025892.mp3,Duplicate feat. Rudaina Haddad (vocal),03:05,96.0,Blake Phillips,anf,Contemporary R&B/Pop,,
35386798.mp3,Warmer (with Ben Chaverin),03:48,104.0,Lanta,Warmer,nan,"Dance Pop, Progressive",
29591386.mp3,Evil Stepmoms and Angry Witches,03:58,85.0,"Sleepwalk, A Robot",Pretty Pretty,Pop,Teen Pop,
29132932.mp3,Footprints.mp3,03:31,94.0,Christine Sako,Footprints - Single,Downtempo,"Electro Pop,Pop",
29775130.mp3,Sick and Tired,03:51,95.0,Bryan LaMontagne,Want it All,Pop,Contemporary R&B,
29742478.mp3,Cry No More,03:14,91.0,Bryan LaMontagne,The One,Pop,Contemporary R&B,
42146152.mp3,Secondhand Smoke (vocal),02:48,83.0,BEX,BEX,Pop,Contemporary R&B,
31355128.mp3,Flames,03:35,85.0,Justin Garner,31355128,Pop,Electro Pop,
29579530.mp3,Lift Her Up,03:49,99.0,Joseph Velasquez,Music In Me,Pop,Contemporary R&B,
50666158.mp3,Lies (vocal),03:10,85.0,Eric Gordon,Nobody Said That It Was Easy,Pop,Contemporary R&B,
41678866.mp3,Melanin,03:16,105.02,Justin Garner,41678866,Pop,Electro Pop,
39814228.mp3,Way You Are,04:03,72.0,Nellz Supreme,,Pop,Contemporary R&B,
54641780.mp3,We Gon Make It (vocal),02:43,100.0,NINI,RED011_Feelin Good (hip hop pop),"Hip Hop, Pop",Contemporary Hip Hop/Pop,
35386810.mp3,Catalyst (feat. Jessica Endara),04:04,80.0,WILDE THINGS,Catalyst,nan,Progressive,
29111728.mp3,Wolves,03:40,86.0,Anesthesia,"An Infinite Winter, Vol. I: In Memoriam",nan,Post Rock,
29169046.mp3,Electric Touch,03:22,118.0,Kero One,anf,nan,,
51333250.mp3,These Nights (vocal),02:49,96.0,She Is Floyd,She Is Floyd,Pop,"Pop Rock, Teen Pop",
29735026.mp3,Hasta Abajo,04:33,99.0,Kellee Maize,Integration,Pop,Contemporary Hip Hop/Pop,
29072116.mp3,Sacrifice,04:05,76.0,Christopher Norman,Process,Rock,"Indie Rock, New Wave/80's Rock",
29464072.mp3,Dis Life,03:34,122.0,Blak Dymondz,Outt'a Dis World,Pop,Contemporary Hip Hop/Pop,
29467108.mp3,Action,03:02,87.0,Adam 8*1*2,29467108,Pop,Electro Pop,
29767342.mp3,Give Love,03:04,95.0,Abigail Stauffer,No Contradictions,Pop,Contemporary R&B,
29238070.mp3,What's Next.mp3,03:46,80.0,Maxchalant,What's Next,Pop,Electro Pop,
41536150.mp3,You're Like A Song,03:37,100.0,John Coggins,John Coggins,Pop,"Dance Pop, Pop Rock, Teen Pop",
29641114.mp3,The Crown,04:43,110.0,Dangerflow,Win Lose Or Die,Pop,Contemporary Hip Hop/Pop,
29458012.mp3,Bye Bye,03:29,73.5,Blak Dymondz,Outt'a Dis World,Pop,Contemporary Hip Hop/Pop,
29740918.mp3,Ain't So Bad,03:25,106.0,UTK,Members Only EP,Pop,Teen Pop,
28977328.mp3,Integrate,05:06,87.95,Christopher Norman,Singles,Rock,"Indie Rock, New Wave/80's Rock",
97561924.mp3,Porcelain (vocal),04:37,156.0,Color Palette,Porcelain - Single,"Rock, Singer Songwriter","Alternative, Indie Rock",
29728552.mp3,Mood Shaper.mp3,05:08,140.0,Xample + Lomax,"Future Perfect (Drum & Bass, Dubstep & RnB)",Electronic,"Electro Pop,Dance",
29621788.mp3,Word Of Prey,03:57,140.0,Christopher Norman,EP Collection,Singer Songwriter,Alternative,
29263528.mp3,Another Life,04:24,87.0,Cin3ma,Cin3ma II,Pop,Contemporary R&B,
29259238.mp3,Home,04:15,146.07,Cin3ma,Cin3ma II,Rock,"Indie Rock, New Wave/80's Rock",
29148622.mp3,Awful Things (Sonik Sounds Remix),03:32,100.0,From Indian Lakes,Absent Sounds Remixed Sounds,nan,"Indie Rock, Trip Hop",
109999564.mp3,Afterglow (inst),03:29,122.0,Leo Islo,Afterglow - Single,nan,"Dance Pop, House",
47871694.mp3,Light Up The Night (vocal),03:29,94.99,robuffel & Noelle Bonus,Fly Away,nan,"Dance Pop, Progressive",
38978488.mp3,Moon,04:37,120.0,Wolfram Gruss,PNFA - Break The Sequence,nan,House,
29686636.mp3,Vertigo (Lior Magal Remix - Club Edit),07:10,130.0,Rachael Sage,Dance Remixes Vocal & Instrumentals,nan,Dance Pop,
29046160.mp3,Temperance,04:54,95.0,Cin3ma,CIN3MA,nan,Pop Rock,
38915368.mp3,Narcissus,03:12,120.0,Tinsley,Tinsley,"Pop, Singer Songwriter","Alternative, Contemporary Hip Hop/Pop",
130008700.mp3,Not From Here (vocal),02:34,90.0,Jordan Olmos,anf,Pop,,
29672128.mp3,You (feat. Nina K).mp3,03:45,125.0,The Schizofreniks,"The Schizofreniks: DJ Cuts, Vol. 2",Pop,"Electro Pop,Dance",
51626440.mp3,We're Going Down (vocal),03:20,113.0,Heather Evans,We're Going Down - Single,nan,"Pop Rock, Trailer Music",
130032716.mp3,Finsta,04:10,140.0,Electric Tongues,anf,Indie Pop; Pop,,
130024972.mp3,Through With You (vocal),05:00,118.0,Amber Wilson,anf,R&B Soul,,
130000116.mp3,Lucky Me (vocal),03:41,81.0,Elluna,anf,Alternative Pop,,
130002324.mp3,Just Be Honest (vocal),02:31,85.0,Andre Writer,anf,Hip Hop,,
29041000.mp3,Can't Look Back,03:53,118.0,Cin3ma,CIN3MA,Pop,Pop Rock,
29227246.mp3,Come Back,05:27,99.0,From Indian Lakes,Everything Feels Better Now,Rock,Alternative Rock,
130047972.mp3,We Made It (vocal),02:26,120.0,JQ,anf,Epic Pop,,
29456626.mp3,We Mek Dem Lean Back,02:57,116.0,Blak Dymondz,Outt'a Dis World,"Pop, Reggae","Contemporary Hip Hop/Pop, Dancehall",
29018986.mp3,Awake,04:18,122.0,Ask You In Gray,GOLD,"Pop, Rock","Dance Pop, New Wave/80's Rock",
130031764.mp3,Indonesia (Link Up) (vocal) CLEAN,02:10,144.0,Deonta Genius,anf,Pop,,
130026644.mp3,Demons (vocal),02:54,98.0,The Red Collective,anf,Epic Pop,,
29256334.mp3,The First Cold Morning,05:46,90.0,City of Domes,29256334,"Rock, Singer Songwriter","Electro Pop,Pop Rock,Folk",
130068828.mp3,Stepping Out (vocal),02:24,96.0,Matt Thornton,anf,Pop,,
130068780.mp3,Hold On feat BLOOM (vocal),03:52,100.0,LUV GNR,anf,Pop,,
130068596.mp3,Crazy (vocal),04:06,126.96,James Lanman,anf,Contemporary Folk,,
130068564.mp3,Lose It All (vocal),02:50,120.03,Jackson Steele,anf,Pop,,
130100382.mp3,Mia (vocal),03:07,134.0,Adrian Crush,anf,nan,,
130100246.mp3,Troublemaker (vocal),02:21,107.0,Ina Bravo,anf,nan,,
130100230.mp3,Damaged (vocal),02:48,71.12,Ina Bravo,anf,nan,,
130100102.mp3,Propane (vocal),02:46,100.0,Ina Bravo,anf,nan,,
130068508.mp3,When I Think About You (vocal),03:12,172.0,Ina Bravo,anf,nan,,
130099902.mp3,In My Head (vocal),03:18,100.0,Kafeeno,anf,nan,,
130099878.mp3,Let It Rain (vocal),03:42,97.0,Kafeeno,anf,nan,,
130099854.mp3,Money On My Mind (vocal),02:40,90.0,Kafeeno,anf,nan,,
130099782.mp3,Steel (vocal),03:11,121.53,Kafeeno,anf,nan,,
130099750.mp3,La Noche (vocal),03:27,142.0,Leonardo La Croix,anf,nan,,
130099742.mp3,Mi Sed (vocal),02:36,95.0,Leonardo La Croix,anf,nan,,
130099734.mp3,No Te Tengo (vocal),03:05,145.0,Leonardo La Croix,anf,nan,,
130099726.mp3,Vacio (vocal),03:09,87.0,Leonardo La Croix,anf,nan,,
130099110.mp3,Aether (vocal),03:22,108.0,LA Sinclair,anf,nan,,
130033388.mp3,Elevate (vocal),02:10,77.54,PAHLR,anf,Pop,,
130012492.mp3,Cover You (vocal),04:38,96.0,D Won,anf,R&B; World; Africa Afrobeat; Hip Hop,,
130026236.mp3,No Alibi (vocal),02:14,83.0,The Red Collective,anf,Epic Pop,,
130033492.mp3,Revenge (vocal) (CLEAN),02:34,82.0,Yomazzy,anf,R&B Soul; Contemporary R&B,,
29452786.mp3,This Life Ain't Mine,05:25,91.9,Kero One,29452786,Pop,Funk,
29698996.mp3,Smooth Electric,03:47,96.0,Keegan Smith,29698996,Pop,"Funk,Soul",
29716576.mp3,Yes Party People feat. Kero One,03:46,94.07,Green Tea,29716576,Pop,"R&B,Funk",
29091592.mp3,Hot Hot Hot.mp3,02:45,136.0,Diana Salvatore,Diana Salvatore,R&B,"Pop Rock,Surf",
29597548.mp3,Lose My Mind (Clean),03:06,95.0,State Of The Artist,Altered State (Clean Versions),Hip Hop,Underground Hip Hop,
29317942.mp3,Get Her To Fall feat. Muza,03:52,100.0,Hyperstar,Get Her To Fall,nan,"New Wave/80's Rock, Progressive, Teen Pop",
29243704.mp3,Find A Way,03:45,94.0,Armen,"New Style, New Sound",Pop,Contemporary R&B,
29772130.mp3,Scoreboard,02:56,178.0,Bryan LaMontagne,Want it All,Pop,Contemporary R&B,
29693152.mp3,Tightrope.mp3,03:12,132.0,Felicia Barton,Radio Hits,Pop,Electro Pop,
29735014.mp3,Hasta Abajo Remix,02:52,128.0,Kellee Maize,Integration,Pop,Dance Pop,
29735020.mp3,Lala Love,04:25,100.0,Kellee Maize,Integration,Pop,Contemporary Hip Hop/Pop,
29413540.mp3,This Is A Test [Joe B. Remix],04:01,100.0,Shock of Pleasure,It's About Time,Pop,"Contemporary R&B, Teen Pop",
29472388.mp3,Mystery Girl,03:35,100.0,Adam 8*1*2,29472388,Pop,Electro Pop,
29599888.mp3,Rollercoaster Love (Remix),03:40,128.0,J-Crush,J-Crush,Pop,"Contemporary Hip Hop/Pop, Contemporary R&B",
29606290.mp3,I'm Sorry.mp3,03:37,102.0,Mac Demy,This is Me,Pop,Electro Pop,
29526250.mp3,Unbelievable,03:03,101.0,Moto,She's Everywhere,Pop,Contemporary R&B,
29338012.mp3,In Your Eyes,03:18,160.0,Rampant,In Your Eyes,Electronic,Progressive,
29262178.mp3,Midnight,02:54,95.0,Cale Pellick,Compilation 1,Pop,Soul,
29235202.mp3,New Day,05:25,95.99,Dangerflow,Fall Before You Fly,nan,Contemporary Hip Hop/Pop,
29573470.mp3,With My Friends,03:41,107.7,Aloe Blacc & King Most,29573470,Pop,"Soft Pop,Soul",
130024996.mp3,Timeless Love (vocal),03:31,114.34,Amber Wilson,anf,R&B Soul,,
130032244.mp3,Where Did You Go (vocal),03:39,85.0,Daniela De Izcue,anf,Pop,,
105954604.mp3,Brand New Me (vocal),02:19,119.99,Indigoe,Fresh Classix,Pop,Pop,
29323984.mp3,Grandfather Clock,04:18,107.44,Justin Hillman,As The Sun Meets The Moon,Folk,Contemporary Folk,
29332798.mp3,As The Sun Meets The Moon,05:26,91.01,Justin Hillman,As The Sun Meets The Moon,Folk,Contemporary Folk,
29324518.mp3,Carry You,02:26,104.22,Terrains,Terrains,Folk,"Cinematic Folk, Contemporary Folk",
28940194.mp3,Sometimes A Fool,03:33,92.32,Tim Seely,Funeral Music,"Folk, Singer Songwriter","Alternative, Contemporary Folk",
29362480.mp3,Just Here Yesterday,03:33,80.49,Toby Madigan,Left Brain/Right Brain,Pop,Pop Rock,
29027068.mp3,Little Drops,03:22,85.0,The Juice To Make It Happen,Untitled,Pop,Contemporary R&B,
29300920.mp3,Overwhelmed,04:48,128.0,Bass Machina,Overwhelmed,Electronic,Progressive,
130009884.mp3,Money Like Magic (vocal),02:23,122.0,JQ,anf,Pop,,
130027644.mp3,Gemini Moon (vocal) (CLEAN),03:26,96.0,Taylar Elizza Beth,anf,Underground Hip Hop; Alternative,,
29413450.mp3,Left For Dead,03:23,100.0,Shock of Pleasure,It's About Time,Downtempo,Trip Hop,
130034644.mp3,Revenge (vocal),03:57,87.36,Karina,anf,Pop,,
130034636.mp3,Rebellion (vocal),03:48,140.0,Karina,anf,Pop; EDM,,
130034668.mp3,Trigger (vocal),03:13,125.98,Karina,anf,Pop,,
130120718.mp3,Fighter (vocal),03:47,99.0,PAHLR,anf,Pop,,
109353396.mp3,Ready For It (vocal),02:42,120.0,Heather Evans,Ready For It,Pop,"Alternative Rock, Pop Rock",
130026676.mp3,Hurricane (vocal),02:38,110.0,The Red Collective,anf,Pop,,
130033020.mp3,Don't Let Me Go (vocal),02:52,160.0,Scurler,anf,Future Bass,,
29577838.mp3,Aura,02:58,120.0,Blackbird Blackbird,Summer Heart LP,Rock,Indie Rock,
29357620.mp3,Take It Anymore,02:32,120.04,EKIM,Right Now Not Always,Pop,Contemporary R&B,
130027692.mp3,Money Mantra (vocal) (CLEAN),02:34,118.0,Taylar Elizza Beth,anf,Underground Hip Hop; Alternative,,
38978422.mp3,Shadows Of Our Kind,04:54,123.0,Wolfram Gruss,PNFA - Break The Sequence,nan,"House, Progressive Alternative",
130032748.mp3,Always Been You (vocal),02:49,115.0,Electric Tongues,anf,Disco; Pop,,
29016388.mp3,The Day I,03:14,90.99,Tanya Morgan,Rubber Souls,Pop,Contemporary Hip Hop/Pop,
29618476.mp3,Keep Pushing featuring Moto,03:40,84.0,Paulie Rhyme,The Jose Mateo Ep,Pop,Contemporary Hip Hop/Pop,
29618632.mp3,Keep On (Feeling) Remix featuring Rep Life,03:15,99.98,Paulie Rhyme,Less Than Zero Volume 2,Pop,Contemporary Hip Hop/Pop,
29469730.mp3,You're A Part Of Me,03:32,120.0,Joshua Armstrong,Starting Over,Pop,Pop Rock,
29589304.mp3,Hold Me Tight,03:58,101.0,Joseph Velasquez,Music In Me,Pop,Contemporary R&B,
29763280.mp3,Wordless [Clean],04:21,80.0,Havi Blaze,Self-Portrait,Pop,Contemporary Hip Hop/Pop,
29760004.mp3,Go Solo [Clean],04:17,84.5,Havi Blaze,Self-Portrait,Pop,Contemporary Hip Hop/Pop,
29382574.mp3,One of Those Days,04:02,81.98,DANAMI,29382574,Pop,Soul,
29464108.mp3,Let it Go,03:32,118.0,Blak Dymondz,Outt'a Dis World,Pop,Contemporary Hip Hop/Pop,
29248132.mp3,Destiny,02:50,86.0,Armen,"New Style, New Sound",Pop,Contemporary R&B,
29414572.mp3,Karma,04:26,130.0,Amore Rayne,Journey,Pop,Contemporary R&B,
29521102.mp3,Wannabe.mp3,03:40,92.0,40 Watt Hype,Push,Pop,"Lounge,Soul",
28975504.mp3,Heart,04:17,100.0,Aubrey Wood,Picking Petals - Extended Masters,"Rock, Singer Songwriter","Adult Contemporary, Teen Rock",
29735110.mp3,Lonely Tears,03:45,108.0,UTK,Members Only EP,"Pop, Rock","Indie Rock, New Wave/80's Rock, Teen Pop",
29025046.mp3,Questions,03:06,170.0,The Juice To Make It Happen,Untitled,Pop,Contemporary R&B,
110946500.mp3,Look Up (remix) (vocal),02:50,99.98,Possum Trot Poet,Look Up - Single,"Pop, Singer Songwriter","Adult Contemporary, Pop",
29696230.mp3,Anytime,04:54,92.01,Keegan Smith,29696230,Pop,Soft Pop,
51835396.mp3,Brian Jarvis,03:32,148.05,anf,anf,Singer Songwriter,,
29354656.mp3,Before,04:10,105.99,Atlas Gray,Atlas Gray,Pop,Pop Rock,
29308834.mp3,Taken.mp3,03:43,85.02,Adrienne Frantz,Anomaly,Pop,Soft Pop,
29456992.mp3,Life is Amazing,03:38,116.0,Blak Dymondz,Outt'a Dis World,Pop,Contemporary Hip Hop/Pop,
29535460.mp3,Noize (Radio Edit),02:58,85.0,The New Av3ng3rs,Noize,Pop,Contemporary Hip Hop/Pop,
29618206.mp3,Making Moves featuring Gi,03:15,93.42,Paulie Rhyme,The Jose Mateo Ep,Pop,Contemporary Hip Hop/Pop,
29371420.mp3,By Your Side,03:32,101.97,DANAMI,29371420,Pop,"R&B,Soul",
29514568.mp3,Only The Strong Survive,04:12,100.0,40 Watt Hype,29514568,Pop,Soul,
29514166.mp3,Gotta Get Up,04:40,95.01,40 Watt Hype,29514166,Pop,Soul,
29508058.mp3,The Messenger,04:52,88.0,40 Watt Hype,29508058,Pop,Soul,
41536072.mp3,Tell Me Everything About You,02:17,98.0,John Coggins,John Coggins,Pop,Contemporary R&B,
116057156.mp3,Floating (vocal),02:43,115.0,JQ,anf,Pop; Dance Pop; NuFunk; Disco,,
112770268.mp3,93 (vocal) CLEAN,02:56,93.0,Taylar Elizza Beth,Ninety Three,nan,Soul,
130027348.mp3,Broken Pieces (vocal),03:09,103.0,Sleeping Ghost,anf,Pop,,
130027300.mp3,Ocean (vocal) (clean),03:00,92.0,Shon Daily,anf,Hip Hop,,
130027268.mp3,Big Deal (vocal) (clean),03:08,82.05,Shon Daily,anf,Hip Hop,,
115736820.mp3,Vibe (vocal),02:26,108.02,PAHLR,Vibe,nan,Dance Pop,
105545220.mp3,Control,02:53,93.0,Lauren Corrigan,anf,nan,,
43572022.mp3,Last Time (vocal),03:58,89.0,Kero One,anf,nan,,
29581792.mp3,On Bended Knee (Feat. Sam Ock),03:47,72.0,Kero One,anf,nan,,
29167054.mp3,Are You Down,02:59,117.0,Kero One,anf,nan,,
110031196.mp3,Casanova (vocal),02:52,120.0,Justin Garner,anf,nan,,
130043524.mp3,Milky Way (vocal),03:58,110.0,Just Fiction,anf,nan,,
130044156.mp3,Crush Phase (vocal),03:14,144.83,Iyanla,anf,nan,,
130074484.mp3,Hells Aint The Same (vocal),02:25,125.04,Greco Tax,anf,nan,,
97594636.mp3,Your Record is Gone (vocal),02:36,132.0,Dimiter Yordanov,Lie To Me,nan,Alternative,
130004676.mp3,Not Getting Any Younger (vocal),03:28,100.0,dc pinc,anf,Alternative; R&B/Soul,,
130004660.mp3,Miss You (vocal),03:28,90.0,dc pinc,anf,Soul; Pop,,
130045724.mp3,Those Days (vocal),02:59,154.0,Jordan Olmos,anf,Downtempo & Trip Hop,,
29195494.mp3,Feelings,04:23,106.0,Leo Islo,Feelings (single),nan,"Chillout, New Wave/80's Rock, Pop Rock",
29205292.mp3,Wasted Love,03:09,124.0,Becca Krueger,Go Alone,nan,"Contemporary R&B, Soul",
29145340.mp3,Got The Yeah (feat. Moria Moore),02:03,71.0,Salme Dahlstrom,Ms Moore,nan,Teen Pop,
130052836.mp3,50 50,03:20,150.0,Young Quicks,anf,nan,,
29193736.mp3,The Math,04:24,89.1,Treologic,Colabo,Pop,Contemporary Hip Hop/Pop,
29189830.mp3,Want It All (Featuring Wes Restless),02:49,93.1,Treologic,Colabo,Pop,Contemporary Hip Hop/Pop,
122022820.mp3,Chic,02:35,120.0,The Red Collective,anf,Pop,,
130027668.mp3,Lovergirl (vocal) (CLEAN),02:16,100.0,Taylar Elizza Beth,anf,Underground Hip Hop; Alternative,,
29368264.mp3,The Shift (Clean),03:04,85.0,Taylar Elizza Beth,Fresh Cut Flowers,Pop,Contemporary Hip Hop/Pop,
130027332.mp3,Answers (vocal),03:48,120.0,Sleeping Ghost,anf,Dance Pop; House,,
130004732.mp3,Standing In The Way (vocal),01:57,114.0,olivia lattore,anf,R&B/Soul,,
130026948.mp3,Let It Down On Me (vocal),04:00,116.0,Lazer Owl,anf,R&B Soul; Pop,,
130004564.mp3,24 hours (vocal),02:44,84.0,Kero One,anf,Soul; Contemorary R&B; Hip Hop,,
29586118.mp3,The Fast Life - With Chorus,04:15,96.0,Kero One,29586118,Pop,"R&B,Nu Jazz",
104557732.mp3,Infinite (vocal),03:19,78.0,Justin Garner,anf,nan,,
130033628.mp3,Haunted By You (vocal),02:17,84.0,The Red Collective,anf,Pop; Contemporary R&B,,
130026596.mp3,Stellar (vocal),02:38,135.0,The Red Collective,anf,Pop; R&B Soul,,
130026268.mp3,Too Far Gone (vocal),02:22,85.0,The Red Collective,anf,Pop,,
130034772.mp3,Talk Talk Talk feat. Orion Lake (vocal),03:59,120.02,Form And Fate,anf,Singer Songwriter Alternative,,
50666176.mp3,Look After You (vocal),04:05,90.0,Eric Gordon,Nobody Said That It Was Easy,nan,"Contemporary R&B, Soul",
130032644.mp3,Small Talk (vocal),02:59,100.0,Electric Tongues,anf,Disco; Pop,,
29376148.mp3,Have You Seen Her,04:12,83.98,DANAMI,29376148,Pop,R&B,
29376094.mp3,Fork In The Road,03:34,86.0,DANAMI,29376094,Pop,R&B,
29371528.mp3,Celebrating Life,03:56,91.0,DANAMI,29371528,Pop,Funk,
130031108.mp3,Tea Circle Dreams feat. Jimetta Rose (vocal),01:37,86.0,bei ru,anf,Hip Hop,,
29553130.mp3,Like Me,04:02,87.5,Al Sheez,Misc. Tracks,Pop,Contemporary Hip Hop/Pop,
29055844.mp3,The Olympian,03:25,112.0,Aja West,The Olympian,Funk,Funk,
130041340.mp3,New Day (acoustic version) (vocal),02:28,108.0,aaron english,anf,nan,,
29507956.mp3,Can U Dig?,03:57,98.0,40 Watt Hype,29507956,Pop,Funk,
130046548.mp3,Press Play (vocal),02:13,162.0,1 Luv,anf,Pop Gospel,,
29341516.mp3,Super Love Gravity,05:47,118.93,Mokhov,Massive Love,nan,"Electro, New Wave/80's Rock, News & Promos",
29148910.mp3,Sleeping Limbs (Classy Williams Remix),03:08,116.0,From Indian Lakes,Absent Sounds Remixed Sounds,nan,"House, Indie Rock",
29584648.mp3,Without Love,03:35,108.0,Joseph Velasquez,Music In Me,Pop,Contemporary R&B,
130046668.mp3,Rich In Love (Rico en amor) (vocal),03:02,83.0,Agina,anf,"jazz,rb,pop",,
29220676.mp3,Autumn Song,03:24,105.0,Aminita Satori,anf,electronic,,
29487190.mp3,Old Ruby,04:24,100.0,Arrows & Bullets,Girona,rock,Indie Rock,
130055396.mp3,Mi Amor (vocal),02:53,95.0,Bobby Skyz,anf,nan,,
130055636.mp3,Nothing Compares To You (vocal),03:14,105.0,Bobby Skyz,anf,nan,,
29072068.mp3,Integrate (Album version),05:08,90.1,Christopher Norman,Process,rock,"Indie Rock, New Wave/80's Rock",
29209840.mp3,Cyclone,04:22,105.83,Christopher Norman,Strange Games,rock__singer_songwriter,"Alternative, Post Rock",
130108670.mp3,90 (vocal),04:24,108.0,Convent Bonfires,anf,nan,,
29068108.mp3,Pouring Down,03:50,100.0,Culture Culture,Culture Culture,rock,"Indie Rock, New Wave/80's Rock",
29068384.mp3,Use Me,04:12,115.0,Culture Culture,Culture Culture,rock,"Indie Rock, New Wave/80's Rock",
29072782.mp3,Baby Blue,03:54,110.5,Culture Culture,Culture Culture,rock,"Indie Rock, New Wave/80's Rock",
29144626.mp3,To Saturday,04:21,90.0,J-Punch,anf,rock,,
130004604.mp3,Drive (vocal),03:27,94.93,Kero One,anf,Contemorary R&B; Contemporary Hip Hop/Pop; Soul,,
130099158.mp3,Sunshine Girl (vocal),03:38,103.0,LA Sinclair,anf,nan,,
29629240.mp3,Press Club Lullaby,02:02,109.97,Natasha Kmeto,anf,rock,,
130151062.mp3,Season,01:36,119.0,Olmos,anf,pop,,
29376352.mp3,Got Me Feeling (vocal),03:24,110.0,Pause Play Record,Pause Play Record,funk__pop,"Funk, Pop Rock",
130002348.mp3,Make It Make Sense (vocal) CLEAN,03:00,93.0,andre writer,anf,Hip Hop,,
44966488.mp3,Sunrise,03:21,86.0,Anton Dakanto,China Sunshine,Hip Hop,"Hip Hop Instrumental Beats, Underground Hip Hop",
29124310.mp3,Mirage,04:17,100.0,Christopher Norman,Cutting Room Floor,Rock,"Indie Rock, New Wave/80's Rock",
29120116.mp3,Force,05:42,140.0,Christopher Norman,Cutting Room Floor,Rock,"New Wave/80's Rock, Post Rock",
130053220.mp3,Ballin in Love (vocal),02:57,105.0,Fingazz,anf,nan,,
130110462.mp3,Hot Love (vocal),02:33,105.0,H.B. Thal,anf,nan,,
130009116.mp3,Raise It Up (vocal),02:17,140.0,jordan olmos,anf,Contemporary Hip Hop/Pop,,
130003236.mp3,No Good (vocal),00:52,125.0,Shon Daily,anf,Hip Hop,,
130110982.mp3,By The Harbor (vocal),02:44,86.51,Sister Teeth,anf,nan,,
130111038.mp3,H8 Myself (vocal),03:10,140.0,Sister Teeth,anf,nan,,
130046620.mp3,Body (vocal),02:28,90.0,Agina,anf,nan,,
130032468.mp3,Rich In Love (Rico en amor) (vocal),03:02,83.0,Agina,anf,Contemporary R&B; neo soul,,
130054052.mp3,Flipside (vocal),02:26,120.0,Alonys Stary,anf,nan,,
130074500.mp3,Finer Days (vocal),02:18,77.0,Greco Tax,anf,nan,,
130033692.mp3,Conversations (vocal),02:52,75.0,The Red Collective,anf,Pop; Contemporary R&B,,
130025308.mp3,Sensitive (vocal),03:41,93.98,BEX,anf,Pop,,
130032292.mp3,Should've Known (vocal),03:12,81.0,Daniela De Izcue,anf,neo soul,,
30.mp3,Glory Road,03:58,126.0,anf,anf,Pop,,
29297602.mp3,Cry,03:20,77.0,Courtney Smith,Lips That Taste of Tears,Downtempo,Adult Contemporary,
29110108.mp3,Father,03:00,155.98,Caleb Lovely,True Feathers,nan,Adult Contemporary,
29556946.mp3,My Number One,03:46,91.0,Al Sheez,"""Mr. Sheez""",Pop,"Contemporary Hip Hop/Pop, Contemporary R&B",
29579056.mp3,Get Down,04:00,95.04,Aloe Blacc and Kero One,29579056,Pop,Funk,
130027244.mp3,Toxic Love (vocal) CLEAN,04:23,85.0,Blake Phillips,anf,R&B; Contemporary R&B; Soul,,
130141990.mp3,Let It Fly,02:25,140.0,JQ,anf,pop,,
130140662.mp3,First Time,02:38,130.0,JQ,anf,folk,,
130140350.mp3,Feeling Me,02:27,105.0,JQ,anf,pop,,
150010928.mp3,Heart in a Cage (vocal),03:35,128.0,Jacqriot,anf,electronic,,
130073972.mp3,Wake Up (vocal),01:57,120.0,JQ,anf,pop,,
130133990.mp3,Confidence (vocal),02:14,100.0,Brad Couture,anf,pop,,
54628364.mp3,Flawless (vocal),02:18,120.0,Scurler,Feelings Not Enemies | progressive pop,hip_hop,"Progressive, Teen Pop",
130139662.mp3,Attention Attention,02:20,127.0,Brad Couture,anf,pop,,
130140030.mp3,Comin For Yah,02:12,130.0,Olmos,anf,pop,,
130140126.mp3,Do It All,02:19,135.0,JQ,anf,pop__electronic,,
130141790.mp3,I'm Unique,02:14,120.0,Olmos,anf,pop,,
29596654.mp3,Upside down,02:32,120.0,EB11,2012,pop__electronic,Alternative Rock,
28978096.mp3,VIP,02:56,120.0,Mark Dannells,Electro,pop,Electro,
130144326.mp3,You Don't Care At All,01:55,150.0,Olmos,anf,rock__pop,,
29128768.mp3,Paradise,02:34,110.0,Anesthesia,"An Infinite Winter, Vol. II: Time",electronic,"Alternative, Emotional Cues",
130153662.mp3,Glitter And Gold,02:48,128.0,Olmos,anf,pop,,
150003680.mp3,Nobody Watching (vocal),03:15,87.0,Matthew Nolan,anf,pop,,
150003688.mp3,Say Less (vocal),04:02,120.0,Matthew Nolan,anf,pop,,
150003696.mp3,Miles Away (vocal),03:45,146.0,Matthew Nolan,anf,pop,,
150003704.mp3,Rearview (vocal),03:57,90.0,Matthew Nolan,anf,pop,,
150010984.mp3,Leave Here (vocal),03:25,110.0,Jacqriot,anf,pop,,
130112878.mp3,Jump (vocal),02:20,120.0,JQ,anf,pop__electronic,,
130134982.mp3,Rich Like Butter (vocal),02:15,125.0,NINI,anf,hip_hop,,
130136758.mp3,Watch Me Strut (vocal),02:18,125.0,NINI,anf,hip_hop,,
130141326.mp3,I Came To Win,02:23,140.0,NINI,anf,pop,,
130141406.mp3,I Deserve It,02:40,90.0,NINI,anf,pop,,
29591398.mp3,I'm Ready,02:12,72.5,Michael Tiernan,Spaces,pop,Adult Contemporary,
130143614.mp3,Trend Setter,02:32,85.0,JQ,anf,pop,,
130141006.mp3,Getting Fired Up,02:16,120.0,Olmos,anf,pop,,
130141102.mp3,Have Some Fun,02:34,120.0,JQ,anf,pop,,
130144078.mp3,We Do It,02:04,108.0,Olmos,anf,pop,,
130144254.mp3,Yeah We're Fired Up,02:08,150.0,Olmos,anf,pop,,
150004920.mp3,Fantasy (vocal),03:31,122.0,Kim Wallace,anf,pop__electronic,,
150004928.mp3,Dark side (vocal),03:50,80.01,Kim Wallace,anf,pop,,
130055212.mp3,Lovely (vocal),02:54,120.01,Amya Rodriquez,anf,nan,,
130089100.mp3,Wild & Free (vocal),02:19,129.0,Beckah Shae,anf,nan,,
130099142.mp3,Play The Beat (vocal),03:52,109.0,LA Sinclair,anf,nan,,
130099422.mp3,MYND (vocal),02:46,105.0,X-Fyle,anf,nan,,
130110414.mp3,Cosmic Love (vocal),02:41,130.0,H.B. Thal,anf,nan,,
130110486.mp3,On My Mind (vocal),02:45,90.0,H.B. Thal,anf,nan,,
130110686.mp3,Tik Tok (vocal),02:17,100.0,Keeana Kee,anf,nan,,
130111022.mp3,Grime (vocal),02:40,95.5,Sister Teeth,anf,nan,,
130098526.mp3,Break It Down (vocal),03:14,140.0,Staccato & Thomas Forever,anf,nan,,
130099950.mp3,Dirty (vocal),02:24,120.0,Kafeeno,anf,nan,,
130110950.mp3,Supernatural Chemistry (vocal),02:57,113.0,Possum Trot Poet,anf,nan,,
130110966.mp3,Anxiety (vocal),03:40,120.0,Sister Teeth,anf,nan,,
130110998.mp3,Feel Right (vocal),02:23,114.0,Sister Teeth,anf,nan,,
130052868.mp3,A Royal (vocal),03:38,110.0,Piper Landon,anf,nan,,
130053708.mp3,Cry (vocal),03:13,100.0,Shea Givens,anf,nan,,
130054484.mp3,Highs & Lows (vocal),02:41,75.0,Yomazzy,anf,nan,,
130054940.mp3,Im Here For U (vocal),02:15,75.0,Flake,anf,nan,,
130055668.mp3,OMGG (vocal) (clean),03:37,116.0,Fingazz,anf,nan,,
130056012.mp3,Pretty Girls (vocal),03:55,100.0,Fingazz,anf,nan,,
130066812.mp3,No I In U,03:07,120.0,Shea Givens,anf,nan,,
28972450.mp3,Smile,03:47,137.59,Aubrey Wood,Picking Petals - Extended Masters,nan,Adult Contemporary,
28984006.mp3,Simple To Me,03:51,123.99,Reggie Watts,Simplified,Pop,"Contemporary R&B, Dance Pop",
42195694.mp3,Luminous Eyes,06:31,116.55,Mokhov,Sun Bloom,nan,Ambient Beats,
42195598.mp3,Dream Spectrum,07:07,109.45,Mokhov,Sun Bloom,nan,Ambient Beats,
122022876.mp3,I Keep Falling (inst),02:31,110.0,JQ,anf,Pop; Disco; Dance Pop,,
130008012.mp3,Down the Line (inst),02:40,105.0,JQ,anf,Pop; Disco; Dance Pop,,
130027572.mp3,Beaming (vocal) (CLEAN),03:13,124.0,Taylar Elizza Beth,anf,Underground Hip Hop; Alternative,,
29718340.mp3,Amelia.mp3,04:13,114.0,Amo,Amo One,Pop,Electro Pop,
29618506.mp3,Retro Girl feat. Pete Mitchell (No More Kings Remix),03:58,122.0,Noah Silver, Sampler 2,Pop,Teen Pop,
29693218.mp3,Morrison Players,01:28,168.3,anf,anf,Holiday,,
29244814.mp3,Change MyMind (W&S Open Mix),02:44,107.0,BJSR,Change My Mind (W&S Open Mix),film_tv__kids,"News & Promos, Quirky Music",
130080516.mp3,Lets Fly,03:08,120.0,Black N White Guy,anf,nan,,
29588674.mp3,Feeling Always Last,05:01,120.0,Foreign Friends,anf,rock,,
130382798.mp3,Hot in Europe (vocal),02:51,127.0,Max Holm,anf,pop,,
49785400.mp3,All You Gotta Do (inst),02:01,122.0,Erloom,All You Gotta Do - Single,nan,"Dance Pop, Teen Pop",
105954812.mp3,LVL 100 (inst),02:00,116.0,PAHLR,Fresh Classix,nan,Pop,
29259694.mp3,Montage,03:09,130.0,Wolfram Gruss,Spoq - Sommerstrasse,nan,Chillout,
29331148.mp3,Chase Labyrinth,04:33,85.0,Wolfram Gruss,Spoq - Cinnamon,nan,Trip Hop,
29594296.mp3,PNFA - Concho,07:21,120.0,Wolfram Gruss,PNFA - Vogue_04,nan,Chillout,
29602708.mp3,PNFA - Cheeks,04:35,115.0,Wolfram Gruss,PNFA - Vogue_03,nan,Trip Hop,
29737108.mp3,Coffee Ins,03:50,120.0,Kage Eheh,Kage Eheh Instrumentals,nan,Chillout,
29744602.mp3,Jah's Light,02:56,121.0,Kage Eheh,Kage Eheh Instrumentals,nan,Chillout,
42214552.mp3,Exultant Future,05:35,109.01,Mokhov,Afterglow Reverie,nan,Chillout,
29010430.mp3,Evening Humidity,07:15,128.0,Sliptide,Sunday Afternoon at the Teahouse,nan,House,
29037172.mp3,The Background,06:24,120.0,Dave Pezzner,Last Night In Utopia,nan,"Ambient Beats, House",
29045020.mp3,Murmur,06:52,119.0,Dave Pezzner,Last Night In Utopia,nan,"Ambient Beats, House",
29052676.mp3,Type Of Submarine,03:14,120.01,Wolfram Gruss,Magnus Moone - Music For Introverted Xenomorphs,nan,Ambient Beats,
29052196.mp3,PNFA - Heartbeat,05:53,122.0,Wolfram Gruss,PNFA - Sylmar,nan,Ethnic Fusion,
29116408.mp3,Its Nice To Meet You,04:27,122.0,Dave Pezzner,Music For Vision and Function Vol. 2,nan,Electro,
29157094.mp3,Without You (Instrumental Mix),05:17,122.0,Daniels Jack,Music Makes Me / Without You,nan,House,
29158756.mp3,Without You (Instrumental Mix) (Dynamic Master),05:17,122.0,Daniels Jack,Music Makes Me / Without You,nan,House,
29206984.mp3,Flipped It,05:39,125.0,Sliptide,Salt & Sun,nan,House,
29208820.mp3,On the Side,05:55,125.0,Sliptide,Salt & Sun,nan,House,
29214004.mp3,Under Cover,07:42,125.0,Sliptide,Salt & Sun,nan,House,
29215066.mp3,Daily Plane,04:12,120.0,Wolfram Gruss,Spoq - Thought Fountain,nan,IDM/Glitch,
29217514.mp3,Lomodyne,06:25,125.0,Wolfram Gruss,Spoq - Thought Fountain,nan,"Ambient Beats, IDM/Glitch",
29271364.mp3,Sodium Amytal,03:33,109.99,Kirill Gramada,Sodium Amytal EP,nan,"Dubstep, Progressive",
29331604.mp3,Galaxies,03:51,122.0,MayTrix,Oasis,nan,"House, Progressive",
29331718.mp3,Super Sun,05:43,120.13,Mokhov,Jupiter Melodies,nan,Electro,
29335882.mp3,Lush Ultra,05:42,120.13,Mokhov,Jupiter Melodies,nan,Electro,
29348806.mp3,Feedback,04:04,120.0,Anton Dakanto,Compilation,nan,House,
29352136.mp3,Freedom,03:29,90.0,Tessa Winter,Ghost EP,nan,Progressive,
29366842.mp3,Wash Away (Remix),05:38,115.0,Shuhandz,Wash Away - Remix,nan,House,
29374510.mp3,Missed Calls (bckgrnd vocal),02:33,80.0,REZI,Artificial Contentment,nan,Progressive,
29594680.mp3,PNFA - Radiate,07:18,123.0,Wolfram Gruss,PNFA - Seize EP,nan,Lounge,
29594824.mp3,PNFA - Again,06:35,123.0,Wolfram Gruss,PNFA - Push It Again EP,nan,House,
29594842.mp3,PNFA - Binder,07:46,125.0,Wolfram Gruss,PNFA - Now EP,nan,Progressive,
29594896.mp3,PNFA - Now,06:37,122.0,Wolfram Gruss,PNFA - Now EP,nan,House,
29594932.mp3,PNFA - Crossings,06:12,125.0,Wolfram Gruss,PNFA - Zigot,nan,"Electro, Progressive",
29598832.mp3,PNFA - Miles and Miles (Long Distance Club Remix),08:46,122.0,Wolfram Gruss,PNFA - Miles and Miles EP,nan,House,
29598844.mp3,PNFA - Painted Woof,03:18,115.0,Wolfram Gruss,PNFA - Vogue_02,nan,Lounge,
29598934.mp3,PNFA - Again (Vanilla Spiller),07:40,120.0,Wolfram Gruss,PNFA - Push It Again EP,nan,House,
29599048.mp3,PNFA - The Hive,06:11,120.0,Wolfram Gruss,PNFA - Vogue_04,nan,Electro,
29599318.mp3,PNFA - Starwalk,05:01,122.0,Wolfram Gruss,PNFA - Vogue_04,nan,Lounge,
29599360.mp3,PNFA - Immerge,06:00,121.0,Wolfram Gruss,PNFA - Vogue_04,nan,House,
29599372.mp3,PNFA - Upstream,05:30,118.0,Wolfram Gruss,PNFA - Vogue_04,nan,Ambient Beats,
29599558.mp3,PNFA - Foyer Pulsar,07:07,125.0,Wolfram Gruss,PNFA - Zigot,nan,Progressive,
29599648.mp3,PNFA - Miles and Miles,05:41,122.0,Wolfram Gruss,PNFA - Miles and Miles EP,nan,House,
29602078.mp3,PNFA - Hexilon,07:48,125.0,Wolfram Gruss,PNFA - Polybean EP,nan,Electro,
29602798.mp3,PNFA - Magic Mustard Machine (A Snack at 3 am),05:47,123.0,Wolfram Gruss,PNFA - Magic Mustard Machine EP,nan,House,
29602900.mp3,PNFA - Seize (Video Edit),04:17,123.0,Wolfram Gruss,PNFA - Seize EP,nan,"House, Lounge",
29602984.mp3,PNFA - Magic Mustard Machine (Mustard Allergy),05:22,123.0,Wolfram Gruss,PNFA - Magic Mustard Machine EP,nan,House,
29605288.mp3,PNFA - Immerge,06:22,121.0,Wolfram Gruss,PNFA - Miles and Miles EP,nan,House,
29605372.mp3,PNFA - Scypho,06:30,123.0,Wolfram Gruss,PNFA - Vogue_04,nan,"Ambient Beats, Electro",
29605492.mp3,PNFA - The Fourth Quadrant,06:06,125.0,Wolfram Gruss,PNFA - Vogue_04,nan,Lounge,
29605546.mp3,PNFA - Soul Fly,05:48,124.0,Wolfram Gruss,PNFA - Push It Again EP,nan,House,
29856034.mp3,Tree Of Smoke,04:18,120.0,Ben Thompson,Time Traveler,nan,Electro,
38978428.mp3,Calais,03:49,120.0,Wolfram Gruss,PNFA - Break The Sequence,nan,House,
38978434.mp3,Touch,05:02,120.0,Wolfram Gruss,PNFA - Break The Sequence,nan,,
38978470.mp3,Moon (inst),04:36,120.0,Wolfram Gruss,PNFA - Break The Sequence,nan,House,
42195724.mp3,Lucid Affection,07:14,117.17,Mokhov,Sun Bloom,nan,Ambient Beats,
42214582.mp3,Twilight Musings,07:36,113.31,Mokhov,Afterglow Reverie,nan,Ambient Beats,
50666044.mp3,Sunrise,03:36,129.0,MayTrix,Twelve,nan,"Dubstep, Progressive",
29335918.mp3,Joy Wave,05:14,113.27,Mokhov,Jupiter Melodies,nan,"Electro, New Wave/80's Rock",
29196958.mp3,Zero (Instrumental),03:42,123.0,Leo Islo,Modern Fiction EP,nan,"Contemporary R&B, House, New Wave/80's Rock",
29203204.mp3,Blame (Instrumental),05:04,123.0,Leo Islo,Golden Grave EP,nan,"Contemporary R&B, Dance Pop, House",
29337940.mp3,Lush,03:11,118.0,Audio MG,Radio Pop Instrumentals Vol. 1,nan,"Dance Pop, House",
29341822.mp3,Feels,02:53,118.0,Audio MG,Radio Pop Instrumentals Vol. 1,nan,"Dance Pop, House",
29352208.mp3,Light Pillar,03:21,90.0,Niki Monk,Run From Reality,nan,"Dubstep, Progressive, Teen Pop",
35372578.mp3,Out Of Line (feat. Imalwaysadie),04:09,94.0,WILDE THINGS,Out Of Line,nan,"Contemporary R&B, Progressive",
42132646.mp3,Catalyst (feat. Jess) (She Was Silver Remix),04:00,80.01,WILDE THINGS,,nan,"Progressive, Teen Pop",
29010370.mp3,Last Sun Drifting,06:43,128.0,Sliptide,Sunday Afternoon at the Teahouse,nan,"Chillout, House",
29016244.mp3,All Night,05:30,125.0,Sliptide,Sunday Afternoon at the Teahouse,nan,"Ambient Beats, Chillout",
29208766.mp3,Roughs and Tumbles,06:18,120.0,Sliptide,Salt & Sun,nan,"Chillout, House",
29212384.mp3,It's Been Too Long,06:00,125.0,Sliptide,Salt & Sun,nan,"Chillout, House",
42214612.mp3,Auspicious Path,07:40,112.34,Mokhov,Afterglow Reverie,nan,"Ambient Beats, Chillout",
42214624.mp3,Sanguine Verve,07:38,120.21,Mokhov,Afterglow Reverie,nan,"Ambient Beats, Chillout, Groovin'",
38915554.mp3,To The People feat. Mustafa Akbar (inst),04:14,100.0,All Good Funk Alliance,Let's Execute,nan,"Alternative, Trip Hop",
130057420.mp3,Bad Thing (vocal),03:35,103.0,Fold,anf,nan,,
130057700.mp3,Passing Strangers (ft. Mr Gee) (vocal),04:16,169.48,Fold,anf,nan,,
130057764.mp3,She (vocal),04:54,102.18,Fold,anf,nan,,
130058028.mp3,This Common House (ft. Mr Gee) (vocal),03:25,128.0,Fold,anf,nan,,
130091454.mp3,Mary (vocal),03:50,144.0,Forest Dope,anf,nan,,
130106742.mp3,Feel About it (vocal),02:41,92.0,K. Sparks,anf,nan,,
130106750.mp3,Darius and Nina (vocal),02:51,92.0,K. Sparks,anf,nan,,
130106758.mp3,Come Winter (vocal),02:49,151.01,K. Sparks,anf,nan,,
130106774.mp3,No Hook (vocal),02:23,124.0,K. Sparks,anf,nan,,
130106782.mp3,Fathers day (vocal),04:19,91.0,K. Sparks,anf,nan,,
130106830.mp3,One of Them Ones (vocal),02:46,76.0,K. Sparks,anf,nan,,
130106854.mp3,Eyes Closed (vocal),02:37,118.0,K. Sparks,anf,nan,,
130106862.mp3,Love Feat Jazzy (vocal),03:22,80.0,K. Sparks,anf,nan,,
130106870.mp3,Never say Never Feat Antonia Marquee (vocal),03:01,110.0,K. Sparks,anf,nan,,
130106878.mp3,Family Affairs Feat Jazzy (vocal),04:12,94.0,K. Sparks,anf,nan,,
130099974.mp3,Cannibals (vocal),02:31,130.0,Kafeeno,anf,nan,,
35621626.mp3,Sip Winners (vocal),03:01,102.0,King Trife,King Trife,nan,"Contemporary Hip Hop/Pop, Trailer Music",
29618812.mp3,Time Stopper,01:58,75.0,Paulie Rhyme,Less Than Zero Volume 2,nan,Contemporary Hip Hop/Pop,
52125316.mp3,Bad Girl Boss Drip (vocal),01:59,87.5,PAHLR,Strut (Female Hip Hop),Contemporary Hip Hop/Pop,Contemporary Hip Hop/Pop,
111710932.mp3,Empress (vocal),02:03,110.0,JQ,SURGE EP,nan,Pop,
130056732.mp3,Sweat (vocal),02:26,131.0,Rachel Bailey,anf,nan,,
130129838.mp3,Black Out (vocal),02:14,79.0,Greco Tax,anf,nan,,
130129902.mp3,In Her 20s (vocal),02:48,80.5,Greco Tax,anf,nan,,
130009764.mp3,I Get It (vocal),02:10,90.0,The Red Collective,anf,Pop,,
130008788.mp3,Keeping Up (vocal),02:09,130.0,The Red Collective,anf,Pop,,
122022812.mp3,Fell In Love (vocal),02:26,140.0,The Red Collective,anf,Hip Hop,,
130004788.mp3,Dance On Em (vocal),02:20,90.0,The Red Collective,anf,Hip Hop; Contemporary Hip Hop,,
130003252.mp3,Nananana (vocal),02:34,116.0,ThBenj,anf,Hip Hop,,
130012516.mp3,Last Life (vocal),03:14,136.0,D Won,anf,R&B; World; Africa Afrobeats; Hip Hop,,
130004852.mp3,My Wave (vocal),02:22,173.33,The Red Collective,anf,Hip Hop; Contemporary Hip Hop,,
52125310.mp3,Get It (vocal),02:40,72.0,Indigoe,Strut (Female Hip Hop),Hip Hop,"Contemporary Hip Hop/Pop, Trailer Music",
130002372.mp3,Switch The Vibe Up (vocal),02:37,79.5,Andre Writer,anf,Hip Hop,,
130027388.mp3,Hurt Me (vocal),02:36,150.0,Sleeping Ghost,anf,Underground Hip Hop; Turntablism,,
130031844.mp3,Way 2 Soon (vocal),02:53,148.0,Deonta Genius,anf,Hip Hop,,
130033340.mp3,Thought I Was Playing (vocal) CLEAN,03:04,114.99,Da Deputy,anf,Trap,,
29148862.mp3,Dreams,04:11,89.78,Clarke Boyz,Hoodburbia,Pop,Contemporary Hip Hop/Pop,
29459212.mp3,Too Much Like A Rock Star,04:05,104.0,Deuce Deuce,Deuce Deuce,Pop,Contemporary Hip Hop/Pop,
31357816.mp3,The Talk.mp3,03:22,145.0,King Salomon,Love Records,Pop,Trap,
39814246.mp3,Moving Mountains,03:26,80.0,Elan Suave,Elan Suave,Pop,Contemporary Hip Hop/Pop,
39814252.mp3,Jealousy.mp3,03:28,149.94,Elan Suave,Elan Suave,Pop,Trap,
